primary_pain_point,single_trigger
"Beneficiary details are messy, incomplete, or scattered",Rising compliance pressure
Outputs are hard to defend during compliance review,Backlog of estate review work
Outputs are hard to defend during compliance review,Need to standardize outputs across a branch
Bypass vs through-estate confusion creates advisor risk,Team wants faster pre-meeting preparation
Bypass vs through-estate confusion creates advisor risk,Rising compliance pressure
Manual estate reviews are slow and inconsistent,Backlog of estate review work
Manual estate reviews are slow and inconsistent,Rising compliance pressure
Current tools feel like a CRM instead of a decision tool,Need to standardize outputs across a branch
Manual estate reviews are slow and inconsistent,Rising compliance pressure
Manual estate reviews are slow and inconsistent,Team wants faster pre-meeting preparation
Bypass vs through-estate confusion creates advisor risk,Team wants faster pre-meeting preparation
Bypass vs through-estate confusion creates advisor risk,Need to standardize outputs across a branch
Bypass vs through-estate confusion creates advisor risk,Team wants faster pre-meeting preparation
"Beneficiary details are messy, incomplete, or scattered",Team wants faster pre-meeting preparation
Current tools feel like a CRM instead of a decision tool,Need to standardize outputs across a branch
Current tools feel like a CRM instead of a decision tool,Rising compliance pressure
Bypass vs through-estate confusion creates advisor risk,Need to standardize outputs across a branch
Bypass vs through-estate confusion creates advisor risk,Team wants faster pre-meeting preparation
Bypass vs through-estate confusion creates advisor risk,Backlog of estate review work
Manual estate reviews are slow and inconsistent,Team wants faster pre-meeting preparation
Manual estate reviews are slow and inconsistent,Backlog of estate review work
"Beneficiary details are messy, incomplete, or scattered",Need to standardize outputs across a branch
"Beneficiary details are messy, incomplete, or scattered",Team wants faster pre-meeting preparation
Current tools feel like a CRM instead of a decision tool,Need to standardize outputs across a branch
Current tools feel like a CRM instead of a decision tool,Team wants faster pre-meeting preparation
Straightforward cases still take too long to prepare,Team wants faster pre-meeting preparation
Straightforward cases still take too long to prepare,Backlog of estate review work
Outputs are hard to defend during compliance review,Rising compliance pressure
Outputs are hard to defend during compliance review,Need to standardize outputs across a branch
"Beneficiary details are messy, incomplete, or scattered",Backlog of estate review work
"Beneficiary details are messy, incomplete, or scattered",Rising compliance pressure
Straightforward cases still take too long to prepare,Rising compliance pressure
Straightforward cases still take too long to prepare,Need to standardize outputs across a branch
Bypass vs through-estate confusion creates advisor risk,Team wants faster pre-meeting preparation
Current tools feel like a CRM instead of a decision tool,Backlog of estate review work
Current tools feel like a CRM instead of a decision tool,Backlog of estate review work
Outputs are hard to defend during compliance review,Team wants faster pre-meeting preparation
Bypass vs through-estate confusion creates advisor risk,Team wants faster pre-meeting preparation
Bypass vs through-estate confusion creates advisor risk,Backlog of estate review work
Straightforward cases still take too long to prepare,Need to standardize outputs across a branch
Straightforward cases still take too long to prepare,Rising compliance pressure
Current tools feel like a CRM instead of a decision tool,Team wants faster pre-meeting preparation
Current tools feel like a CRM instead of a decision tool,Rising compliance pressure
Current tools feel like a CRM instead of a decision tool,Need to standardize outputs across a branch
"Beneficiary details are messy, incomplete, or scattered",Need to standardize outputs across a branch
"Beneficiary details are messy, incomplete, or scattered",Backlog of estate review work
Current tools feel like a CRM instead of a decision tool,Rising compliance pressure
Current tools feel like a CRM instead of a decision tool,Backlog of estate review work
Bypass vs through-estate confusion creates advisor risk,Backlog of estate review work
Bypass vs through-estate confusion creates advisor risk,Rising compliance pressure
Straightforward cases still take too long to prepare,Team wants faster pre-meeting preparation
Straightforward cases still take too long to prepare,Rising compliance pressure
Manual estate reviews are slow and inconsistent,Backlog of estate review work
Manual estate reviews are slow and inconsistent,Need to standardize outputs across a branch
"Beneficiary details are messy, incomplete, or scattered",Rising compliance pressure
Manual estate reviews are slow and inconsistent,Team wants faster pre-meeting preparation
Manual estate reviews are slow and inconsistent,Backlog of estate review work
Straightforward cases still take too long to prepare,Team wants faster pre-meeting preparation
"Beneficiary details are messy, incomplete, or scattered",Need to standardize outputs across a branch
"Beneficiary details are messy, incomplete, or scattered",Team wants faster pre-meeting preparation
Straightforward cases still take too long to prepare,Backlog of estate review work
Straightforward cases still take too long to prepare,Need to standardize outputs across a branch
Current tools feel like a CRM instead of a decision tool,Need to standardize outputs across a branch
Current tools feel like a CRM instead of a decision tool,Backlog of estate review work
"Beneficiary details are messy, incomplete, or scattered",Backlog of estate review work
Outputs are hard to defend during compliance review,Rising compliance pressure
Outputs are hard to defend during compliance review,Backlog of estate review work
Outputs are hard to defend during compliance review,Need to standardize outputs across a branch
Bypass vs through-estate confusion creates advisor risk,Team wants faster pre-meeting preparation
Outputs are hard to defend during compliance review,Backlog of estate review work
Outputs are hard to defend during compliance review,Need to standardize outputs across a branch
Bypass vs through-estate confusion creates advisor risk,Rising compliance pressure
Bypass vs through-estate confusion creates advisor risk,Team wants faster pre-meeting preparation
Outputs are hard to defend during compliance review,Team wants faster pre-meeting preparation
Outputs are hard to defend during compliance review,Backlog of estate review work
Manual estate reviews are slow and inconsistent,Need to standardize outputs across a branch
Manual estate reviews are slow and inconsistent,Backlog of estate review work
Outputs are hard to defend during compliance review,Rising compliance pressure
Outputs are hard to defend during compliance review,Backlog of estate review work
Outputs are hard to defend during compliance review,Team wants faster pre-meeting preparation
Manual estate reviews are slow and inconsistent,Rising compliance pressure
Outputs are hard to defend during compliance review,Backlog of estate review work
Bypass vs through-estate confusion creates advisor risk,Backlog of estate review work
Current tools feel like a CRM instead of a decision tool,Rising compliance pressure
Current tools feel like a CRM instead of a decision tool,Need to standardize outputs across a branch
Outputs are hard to defend during compliance review,Team wants faster pre-meeting preparation
Bypass vs through-estate confusion creates advisor risk,Backlog of estate review work
Bypass vs through-estate confusion creates advisor risk,Team wants faster pre-meeting preparation
Bypass vs through-estate confusion creates advisor risk,Need to standardize outputs across a branch
Current tools feel like a CRM instead of a decision tool,Rising compliance pressure
Bypass vs through-estate confusion creates advisor risk,Backlog of estate review work
Bypass vs through-estate confusion creates advisor risk,Backlog of estate review work
Manual estate reviews are slow and inconsistent,Backlog of estate review work
Current tools feel like a CRM instead of a decision tool,Backlog of estate review work
Current tools feel like a CRM instead of a decision tool,Rising compliance pressure
Manual estate reviews are slow and inconsistent,Backlog of estate review work
"Beneficiary details are messy, incomplete, or scattered",Need to standardize outputs across a branch
"Beneficiary details are messy, incomplete, or scattered",Backlog of estate review work
"Beneficiary details are messy, incomplete, or scattered",Rising compliance pressure
Current tools feel like a CRM instead of a decision tool,Team wants faster pre-meeting preparation
Current tools feel like a CRM instead of a decision tool,Need to standardize outputs across a branch
Bypass vs through-estate confusion creates advisor risk,Rising compliance pressure
Current tools feel like a CRM instead of a decision tool,Backlog of estate review work
Current tools feel like a CRM instead of a decision tool,Need to standardize outputs across a branch
"Beneficiary details are messy, incomplete, or scattered",Need to standardize outputs across a branch
"Beneficiary details are messy, incomplete, or scattered",Team wants faster pre-meeting preparation
Manual estate reviews are slow and inconsistent,Need to standardize outputs across a branch
Manual estate reviews are slow and inconsistent,Team wants faster pre-meeting preparation
Bypass vs through-estate confusion creates advisor risk,Rising compliance pressure
Bypass vs through-estate confusion creates advisor risk,Team wants faster pre-meeting preparation
Current tools feel like a CRM instead of a decision tool,Backlog of estate review work
Current tools feel like a CRM instead of a decision tool,Team wants faster pre-meeting preparation
Bypass vs through-estate confusion creates advisor risk,Team wants faster pre-meeting preparation
Bypass vs through-estate confusion creates advisor risk,Backlog of estate review work
Current tools feel like a CRM instead of a decision tool,Team wants faster pre-meeting preparation
Current tools feel like a CRM instead of a decision tool,Rising compliance pressure
Straightforward cases still take too long to prepare,Need to standardize outputs across a branch
Straightforward cases still take too long to prepare,Team wants faster pre-meeting preparation
Straightforward cases still take too long to prepare,Team wants faster pre-meeting preparation
Straightforward cases still take too long to prepare,Rising compliance pressure
Manual estate reviews are slow and inconsistent,Need to standardize outputs across a branch
Manual estate reviews are slow and inconsistent,Rising compliance pressure
Manual estate reviews are slow and inconsistent,Backlog of estate review work
Straightforward cases still take too long to prepare,Team wants faster pre-meeting preparation
Straightforward cases still take too long to prepare,Backlog of estate review work
Current tools feel like a CRM instead of a decision tool,Need to standardize outputs across a branch
Current tools feel like a CRM instead of a decision tool,Team wants faster pre-meeting preparation
Bypass vs through-estate confusion creates advisor risk,Backlog of estate review work
"Beneficiary details are messy, incomplete, or scattered",Backlog of estate review work
"Beneficiary details are messy, incomplete, or scattered",Rising compliance pressure
Current tools feel like a CRM instead of a decision tool,Need to standardize outputs across a branch
Bypass vs through-estate confusion creates advisor risk,Backlog of estate review work
Bypass vs through-estate confusion creates advisor risk,Rising compliance pressure
Straightforward cases still take too long to prepare,Team wants faster pre-meeting preparation
Straightforward cases still take too long to prepare,Backlog of estate review work
"Beneficiary details are messy, incomplete, or scattered",Team wants faster pre-meeting preparation
Outputs are hard to defend during compliance review,Need to standardize outputs across a branch
Outputs are hard to defend during compliance review,Rising compliance pressure
Straightforward cases still take too long to prepare,Need to standardize outputs across a branch
Straightforward cases still take too long to prepare,Rising compliance pressure
Bypass vs through-estate confusion creates advisor risk,Rising compliance pressure
Bypass vs through-estate confusion creates advisor risk,Need to standardize outputs across a branch
Current tools feel like a CRM instead of a decision tool,Rising compliance pressure
Current tools feel like a CRM instead of a decision tool,Backlog of estate review work
Manual estate reviews are slow and inconsistent,Team wants faster pre-meeting preparation
Manual estate reviews are slow and inconsistent,Rising compliance pressure
Straightforward cases still take too long to prepare,Team wants faster pre-meeting preparation
Current tools feel like a CRM instead of a decision tool,Need to standardize outputs across a branch
Current tools feel like a CRM instead of a decision tool,Rising compliance pressure
Manual estate reviews are slow and inconsistent,Rising compliance pressure
Manual estate reviews are slow and inconsistent,Backlog of estate review work
"Beneficiary details are messy, incomplete, or scattered",Backlog of estate review work
Straightforward cases still take too long to prepare,Team wants faster pre-meeting preparation
Manual estate reviews are slow and inconsistent,Need to standardize outputs across a branch
Manual estate reviews are slow and inconsistent,Rising compliance pressure
Bypass vs through-estate confusion creates advisor risk,Team wants faster pre-meeting preparation
Straightforward cases still take too long to prepare,Need to standardize outputs across a branch
Current tools feel like a CRM instead of a decision tool,Team wants faster pre-meeting preparation
Current tools feel like a CRM instead of a decision tool,Need to standardize outputs across a branch
Straightforward cases still take too long to prepare,Backlog of estate review work
Straightforward cases still take too long to prepare,Need to standardize outputs across a branch
Outputs are hard to defend during compliance review,Need to standardize outputs across a branch
Straightforward cases still take too long to prepare,Need to standardize outputs across a branch
Straightforward cases still take too long to prepare,Team wants faster pre-meeting preparation
Bypass vs through-estate confusion creates advisor risk,Backlog of estate review work
Bypass vs through-estate confusion creates advisor risk,Rising compliance pressure
Outputs are hard to defend during compliance review,Rising compliance pressure
Outputs are hard to defend during compliance review,Backlog of estate review work
Straightforward cases still take too long to prepare,Team wants faster pre-meeting preparation
Straightforward cases still take too long to prepare,Rising compliance pressure
Outputs are hard to defend during compliance review,Backlog of estate review work
Outputs are hard to defend during compliance review,Need to standardize outputs across a branch
Straightforward cases still take too long to prepare,Rising compliance pressure
Straightforward cases still take too long to prepare,Need to standardize outputs across a branch
Outputs are hard to defend during compliance review,Team wants faster pre-meeting preparation
Straightforward cases still take too long to prepare,Backlog of estate review work
Outputs are hard to defend during compliance review,Rising compliance pressure
Straightforward cases still take too long to prepare,Backlog of estate review work
Straightforward cases still take too long to prepare,Need to standardize outputs across a branch
Bypass vs through-estate confusion creates advisor risk,Rising compliance pressure
Outputs are hard to defend during compliance review,Team wants faster pre-meeting preparation
Outputs are hard to defend during compliance review,Backlog of estate review work
Straightforward cases still take too long to prepare,Backlog of estate review work
Straightforward cases still take too long to prepare,Need to standardize outputs across a branch
Manual estate reviews are slow and inconsistent,Team wants faster pre-meeting preparation
Manual estate reviews are slow and inconsistent,Team wants faster pre-meeting preparation
"Beneficiary details are messy, incomplete, or scattered",Rising compliance pressure
"Beneficiary details are messy, incomplete, or scattered",Need to standardize outputs across a branch
Manual estate reviews are slow and inconsistent,Backlog of estate review work
Manual estate reviews are slow and inconsistent,Backlog of estate review work
"Beneficiary details are messy, incomplete, or scattered",Backlog of estate review work
"Beneficiary details are messy, incomplete, or scattered",Team wants faster pre-meeting preparation
Straightforward cases still take too long to prepare,Rising compliance pressure
Straightforward cases still take too long to prepare,Backlog of estate review work
Bypass vs through-estate confusion creates advisor risk,Need to standardize outputs across a branch
Bypass vs through-estate confusion creates advisor risk,Rising compliance pressure
Manual estate reviews are slow and inconsistent,Rising compliance pressure
Manual estate reviews are slow and inconsistent,Team wants faster pre-meeting preparation
Straightforward cases still take too long to prepare,Backlog of estate review work
Manual estate reviews are slow and inconsistent,Rising compliance pressure
"Beneficiary details are messy, incomplete, or scattered",Need to standardize outputs across a branch
"Beneficiary details are messy, incomplete, or scattered",Backlog of estate review work
Bypass vs through-estate confusion creates advisor risk,Rising compliance pressure
Current tools feel like a CRM instead of a decision tool,Team wants faster pre-meeting preparation
Straightforward cases still take too long to prepare,Rising compliance pressure
"Beneficiary details are messy, incomplete, or scattered",Team wants faster pre-meeting preparation
"Beneficiary details are messy, incomplete, or scattered",Need to standardize outputs across a branch
Manual estate reviews are slow and inconsistent,Need to standardize outputs across a branch
Outputs are hard to defend during compliance review,Backlog of estate review work
Current tools feel like a CRM instead of a decision tool,Rising compliance pressure
Manual estate reviews are slow and inconsistent,Rising compliance pressure
Manual estate reviews are slow and inconsistent,Backlog of estate review work
Outputs are hard to defend during compliance review,Backlog of estate review work
Outputs are hard to defend during compliance review,Team wants faster pre-meeting preparation
Outputs are hard to defend during compliance review,Backlog of estate review work
Bypass vs through-estate confusion creates advisor risk,Need to standardize outputs across a branch
Bypass vs through-estate confusion creates advisor risk,Backlog of estate review work
Manual estate reviews are slow and inconsistent,Rising compliance pressure
Manual estate reviews are slow and inconsistent,Team wants faster pre-meeting preparation
"Beneficiary details are messy, incomplete, or scattered",Rising compliance pressure
"Beneficiary details are messy, incomplete, or scattered",Team wants faster pre-meeting preparation
Straightforward cases still take too long to prepare,Rising compliance pressure
Straightforward cases still take too long to prepare,Need to standardize outputs across a branch
Outputs are hard to defend during compliance review,Need to standardize outputs across a branch
Outputs are hard to defend during compliance review,Team wants faster pre-meeting preparation
Bypass vs through-estate confusion creates advisor risk,Team wants faster pre-meeting preparation
Bypass vs through-estate confusion creates advisor risk,Need to standardize outputs across a branch
Bypass vs through-estate confusion creates advisor risk,Rising compliance pressure
Bypass vs through-estate confusion creates advisor risk,Backlog of estate review work
Straightforward cases still take too long to prepare,Backlog of estate review work
Straightforward cases still take too long to prepare,Need to standardize outputs across a branch
Outputs are hard to defend during compliance review,Backlog of estate review work
Straightforward cases still take too long to prepare,Rising compliance pressure
Straightforward cases still take too long to prepare,Need to standardize outputs across a branch
Current tools feel like a CRM instead of a decision tool,Team wants faster pre-meeting preparation
Current tools feel like a CRM instead of a decision tool,Need to standardize outputs across a branch
"Beneficiary details are messy, incomplete, or scattered",Need to standardize outputs across a branch
"Beneficiary details are messy, incomplete, or scattered",Backlog of estate review work
Manual estate reviews are slow and inconsistent,Rising compliance pressure
Manual estate reviews are slow and inconsistent,Backlog of estate review work
Straightforward cases still take too long to prepare,Team wants faster pre-meeting preparation
Straightforward cases still take too long to prepare,Team wants faster pre-meeting preparation
Straightforward cases still take too long to prepare,Rising compliance pressure
Bypass vs through-estate confusion creates advisor risk,Need to standardize outputs across a branch
Manual estate reviews are slow and inconsistent,Team wants faster pre-meeting preparation
Straightforward cases still take too long to prepare,Team wants faster pre-meeting preparation
Bypass vs through-estate confusion creates advisor risk,Team wants faster pre-meeting preparation
Bypass vs through-estate confusion creates advisor risk,Need to standardize outputs across a branch
Current tools feel like a CRM instead of a decision tool,Need to standardize outputs across a branch
Current tools feel like a CRM instead of a decision tool,Team wants faster pre-meeting preparation
Outputs are hard to defend during compliance review,Backlog of estate review work
Outputs are hard to defend during compliance review,Rising compliance pressure
"Beneficiary details are messy, incomplete, or scattered",Team wants faster pre-meeting preparation
"Beneficiary details are messy, incomplete, or scattered",Need to standardize outputs across a branch
Outputs are hard to defend during compliance review,Backlog of estate review work
Outputs are hard to defend during compliance review,Rising compliance pressure
"Beneficiary details are messy, incomplete, or scattered",Backlog of estate review work
"Beneficiary details are messy, incomplete, or scattered",Team wants faster pre-meeting preparation
"Beneficiary details are messy, incomplete, or scattered",Team wants faster pre-meeting preparation
Outputs are hard to defend during compliance review,Rising compliance pressure
Manual estate reviews are slow and inconsistent,Backlog of estate review work
Manual estate reviews are slow and inconsistent,Rising compliance pressure
Outputs are hard to defend during compliance review,Backlog of estate review work
Current tools feel like a CRM instead of a decision tool,Rising compliance pressure
Current tools feel like a CRM instead of a decision tool,Team wants faster pre-meeting preparation
Bypass vs through-estate confusion creates advisor risk,Team wants faster pre-meeting preparation
Bypass vs through-estate confusion creates advisor risk,Need to standardize outputs across a branch
Current tools feel like a CRM instead of a decision tool,Need to standardize outputs across a branch
Current tools feel like a CRM instead of a decision tool,Team wants faster pre-meeting preparation
"Beneficiary details are messy, incomplete, or scattered",Need to standardize outputs across a branch
"Beneficiary details are messy, incomplete, or scattered",Team wants faster pre-meeting preparation
Outputs are hard to defend during compliance review,Team wants faster pre-meeting preparation
Outputs are hard to defend during compliance review,Backlog of estate review work
Bypass vs through-estate confusion creates advisor risk,Backlog of estate review work
Bypass vs through-estate confusion creates advisor risk,Need to standardize outputs across a branch
Manual estate reviews are slow and inconsistent,Rising compliance pressure
Manual estate reviews are slow and inconsistent,Backlog of estate review work
Manual estate reviews are slow and inconsistent,Backlog of estate review work
Manual estate reviews are slow and inconsistent,Need to standardize outputs across a branch
Bypass vs through-estate confusion creates advisor risk,Team wants faster pre-meeting preparation
Bypass vs through-estate confusion creates advisor risk,Need to standardize outputs across a branch
Outputs are hard to defend during compliance review,Team wants faster pre-meeting preparation
Outputs are hard to defend during compliance review,Backlog of estate review work
Straightforward cases still take too long to prepare,Need to standardize outputs across a branch
Straightforward cases still take too long to prepare,Team wants faster pre-meeting preparation
Straightforward cases still take too long to prepare,Rising compliance pressure
Straightforward cases still take too long to prepare,Backlog of estate review work
Outputs are hard to defend during compliance review,Team wants faster pre-meeting preparation
Outputs are hard to defend during compliance review,Rising compliance pressure
Manual estate reviews are slow and inconsistent,Backlog of estate review work
Manual estate reviews are slow and inconsistent,Need to standardize outputs across a branch
Bypass vs through-estate confusion creates advisor risk,Team wants faster pre-meeting preparation
Current tools feel like a CRM instead of a decision tool,Backlog of estate review work
Current tools feel like a CRM instead of a decision tool,Team wants faster pre-meeting preparation
Current tools feel like a CRM instead of a decision tool,Backlog of estate review work
Current tools feel like a CRM instead of a decision tool,Need to standardize outputs across a branch
Current tools feel like a CRM instead of a decision tool,Team wants faster pre-meeting preparation
"Beneficiary details are messy, incomplete, or scattered",Rising compliance pressure
Bypass vs through-estate confusion creates advisor risk,Backlog of estate review work
Bypass vs through-estate confusion creates advisor risk,Need to standardize outputs across a branch
Outputs are hard to defend during compliance review,Rising compliance pressure
Outputs are hard to defend during compliance review,Team wants faster pre-meeting preparation
Bypass vs through-estate confusion creates advisor risk,Backlog of estate review work
Bypass vs through-estate confusion creates advisor risk,Need to standardize outputs across a branch
Current tools feel like a CRM instead of a decision tool,Backlog of estate review work
Current tools feel like a CRM instead of a decision tool,Need to standardize outputs across a branch
Manual estate reviews are slow and inconsistent,Backlog of estate review work
Manual estate reviews are slow and inconsistent,Need to standardize outputs across a branch
Straightforward cases still take too long to prepare,Rising compliance pressure
Straightforward cases still take too long to prepare,Team wants faster pre-meeting preparation
"Beneficiary details are messy, incomplete, or scattered",Backlog of estate review work
Current tools feel like a CRM instead of a decision tool,Need to standardize outputs across a branch
Current tools feel like a CRM instead of a decision tool,Team wants faster pre-meeting preparation
Straightforward cases still take too long to prepare,Rising compliance pressure
Straightforward cases still take too long to prepare,Need to standardize outputs across a branch
Manual estate reviews are slow and inconsistent,Backlog of estate review work
Manual estate reviews are slow and inconsistent,Team wants faster pre-meeting preparation
"Beneficiary details are messy, incomplete, or scattered",Rising compliance pressure
Manual estate reviews are slow and inconsistent,Team wants faster pre-meeting preparation
"Beneficiary details are messy, incomplete, or scattered",Rising compliance pressure
"Beneficiary details are messy, incomplete, or scattered",Need to standardize outputs across a branch
Manual estate reviews are slow and inconsistent,Team wants faster pre-meeting preparation
Manual estate reviews are slow and inconsistent,Rising compliance pressure
Manual estate reviews are slow and inconsistent,Need to standardize outputs across a branch
Manual estate reviews are slow and inconsistent,Rising compliance pressure
Straightforward cases still take too long to prepare,Backlog of estate review work
Straightforward cases still take too long to prepare,Rising compliance pressure
Current tools feel like a CRM instead of a decision tool,Backlog of estate review work
Current tools feel like a CRM instead of a decision tool,Rising compliance pressure
Current tools feel like a CRM instead of a decision tool,Need to standardize outputs across a branch
"Beneficiary details are messy, incomplete, or scattered",Need to standardize outputs across a branch
"Beneficiary details are messy, incomplete, or scattered",Rising compliance pressure
Manual estate reviews are slow and inconsistent,Need to standardize outputs across a branch
Manual estate reviews are slow and inconsistent,Team wants faster pre-meeting preparation
Bypass vs through-estate confusion creates advisor risk,Team wants faster pre-meeting preparation
Current tools feel like a CRM instead of a decision tool,Backlog of estate review work
Current tools feel like a CRM instead of a decision tool,Rising compliance pressure
Outputs are hard to defend during compliance review,Need to standardize outputs across a branch
Outputs are hard to defend during compliance review,Team wants faster pre-meeting preparation
Bypass vs through-estate confusion creates advisor risk,Team wants faster pre-meeting preparation
Bypass vs through-estate confusion creates advisor risk,Rising compliance pressure
Bypass vs through-estate confusion creates advisor risk,Rising compliance pressure
Bypass vs through-estate confusion creates advisor risk,Need to standardize outputs across a branch
Bypass vs through-estate confusion creates advisor risk,Team wants faster pre-meeting preparation
Manual estate reviews are slow and inconsistent,Backlog of estate review work
Manual estate reviews are slow and inconsistent,Team wants faster pre-meeting preparation
Bypass vs through-estate confusion creates advisor risk,Need to standardize outputs across a branch
Current tools feel like a CRM instead of a decision tool,Need to standardize outputs across a branch
Bypass vs through-estate confusion creates advisor risk,Team wants faster pre-meeting preparation
Straightforward cases still take too long to prepare,Rising compliance pressure
Straightforward cases still take too long to prepare,Need to standardize outputs across a branch
Straightforward cases still take too long to prepare,Backlog of estate review work
Straightforward cases still take too long to prepare,Team wants faster pre-meeting preparation
"Beneficiary details are messy, incomplete, or scattered",Team wants faster pre-meeting preparation
Current tools feel like a CRM instead of a decision tool,Team wants faster pre-meeting preparation
"Beneficiary details are messy, incomplete, or scattered",Rising compliance pressure
"Beneficiary details are messy, incomplete, or scattered",Team wants faster pre-meeting preparation
Outputs are hard to defend during compliance review,Backlog of estate review work
Current tools feel like a CRM instead of a decision tool,Team wants faster pre-meeting preparation
Current tools feel like a CRM instead of a decision tool,Backlog of estate review work
"Beneficiary details are messy, incomplete, or scattered",Team wants faster pre-meeting preparation
Bypass vs through-estate confusion creates advisor risk,Need to standardize outputs across a branch
Bypass vs through-estate confusion creates advisor risk,Backlog of estate review work
Manual estate reviews are slow and inconsistent,Team wants faster pre-meeting preparation
Manual estate reviews are slow and inconsistent,Need to standardize outputs across a branch
Outputs are hard to defend during compliance review,Backlog of estate review work
Outputs are hard to defend during compliance review,Rising compliance pressure
Straightforward cases still take too long to prepare,Backlog of estate review work
Outputs are hard to defend during compliance review,Team wants faster pre-meeting preparation
Manual estate reviews are slow and inconsistent,Backlog of estate review work
Manual estate reviews are slow and inconsistent,Need to standardize outputs across a branch
Outputs are hard to defend during compliance review,Team wants faster pre-meeting preparation
Outputs are hard to defend during compliance review,Rising compliance pressure
Outputs are hard to defend during compliance review,Rising compliance pressure
Outputs are hard to defend during compliance review,Team wants faster pre-meeting preparation
Outputs are hard to defend during compliance review,Backlog of estate review work
Outputs are hard to defend during compliance review,Need to standardize outputs across a branch
Bypass vs through-estate confusion creates advisor risk,Team wants faster pre-meeting preparation
Bypass vs through-estate confusion creates advisor risk,Backlog of estate review work
Bypass vs through-estate confusion creates advisor risk,Team wants faster pre-meeting preparation
Bypass vs through-estate confusion creates advisor risk,Rising compliance pressure
Bypass vs through-estate confusion creates advisor risk,Backlog of estate review work
Bypass vs through-estate confusion creates advisor risk,Team wants faster pre-meeting preparation
Outputs are hard to defend during compliance review,Backlog of estate review work
Bypass vs through-estate confusion creates advisor risk,Backlog of estate review work
Bypass vs through-estate confusion creates advisor risk,Rising compliance pressure
Bypass vs through-estate confusion creates advisor risk,Rising compliance pressure
Bypass vs through-estate confusion creates advisor risk,Need to standardize outputs across a branch
Bypass vs through-estate confusion creates advisor risk,Backlog of estate review work
Bypass vs through-estate confusion creates advisor risk,Team wants faster pre-meeting preparation
Straightforward cases still take too long to prepare,Backlog of estate review work
Straightforward cases still take too long to prepare,Need to standardize outputs across a branch
Manual estate reviews are slow and inconsistent,Team wants faster pre-meeting preparation
Manual estate reviews are slow and inconsistent,Need to standardize outputs across a branch
Manual estate reviews are slow and inconsistent,Team wants faster pre-meeting preparation
Bypass vs through-estate confusion creates advisor risk,Need to standardize outputs across a branch
Straightforward cases still take too long to prepare,Need to standardize outputs across a branch
Bypass vs through-estate confusion creates advisor risk,Rising compliance pressure
Outputs are hard to defend during compliance review,Backlog of estate review work
Outputs are hard to defend during compliance review,Need to standardize outputs across a branch
Manual estate reviews are slow and inconsistent,Team wants faster pre-meeting preparation
Current tools feel like a CRM instead of a decision tool,Backlog of estate review work
"Beneficiary details are messy, incomplete, or scattered",Team wants faster pre-meeting preparation
"Beneficiary details are messy, incomplete, or scattered",Backlog of estate review work
Bypass vs through-estate confusion creates advisor risk,Rising compliance pressure
Manual estate reviews are slow and inconsistent,Team wants faster pre-meeting preparation
Manual estate reviews are slow and inconsistent,Backlog of estate review work
Bypass vs through-estate confusion creates advisor risk,Rising compliance pressure
Bypass vs through-estate confusion creates advisor risk,Need to standardize outputs across a branch
Straightforward cases still take too long to prepare,Backlog of estate review work
Manual estate reviews are slow and inconsistent,Need to standardize outputs across a branch
Manual estate reviews are slow and inconsistent,Rising compliance pressure
Manual estate reviews are slow and inconsistent,Rising compliance pressure
"Beneficiary details are messy, incomplete, or scattered",Team wants faster pre-meeting preparation
Manual estate reviews are slow and inconsistent,Backlog of estate review work
Manual estate reviews are slow and inconsistent,Backlog of estate review work
Manual estate reviews are slow and inconsistent,Need to standardize outputs across a branch
Bypass vs through-estate confusion creates advisor risk,Rising compliance pressure
Manual estate reviews are slow and inconsistent,Rising compliance pressure
Manual estate reviews are slow and inconsistent,Team wants faster pre-meeting preparation
Current tools feel like a CRM instead of a decision tool,Rising compliance pressure
"Beneficiary details are messy, incomplete, or scattered",Team wants faster pre-meeting preparation
"Beneficiary details are messy, incomplete, or scattered",Rising compliance pressure
Straightforward cases still take too long to prepare,Backlog of estate review work
Straightforward cases still take too long to prepare,Team wants faster pre-meeting preparation
Outputs are hard to defend during compliance review,Team wants faster pre-meeting preparation
Manual estate reviews are slow and inconsistent,Need to standardize outputs across a branch
Current tools feel like a CRM instead of a decision tool,Need to standardize outputs across a branch
Outputs are hard to defend during compliance review,Team wants faster pre-meeting preparation
Outputs are hard to defend during compliance review,Backlog of estate review work
Manual estate reviews are slow and inconsistent,Backlog of estate review work
Current tools feel like a CRM instead of a decision tool,Rising compliance pressure
Current tools feel like a CRM instead of a decision tool,Backlog of estate review work
Outputs are hard to defend during compliance review,Rising compliance pressure
Outputs are hard to defend during compliance review,Team wants faster pre-meeting preparation
Outputs are hard to defend during compliance review,Need to standardize outputs across a branch
Current tools feel like a CRM instead of a decision tool,Backlog of estate review work
Current tools feel like a CRM instead of a decision tool,Team wants faster pre-meeting preparation
Outputs are hard to defend during compliance review,Rising compliance pressure
Outputs are hard to defend during compliance review,Need to standardize outputs across a branch
Outputs are hard to defend during compliance review,Backlog of estate review work
Straightforward cases still take too long to prepare,Rising compliance pressure
Outputs are hard to defend during compliance review,Team wants faster pre-meeting preparation
Outputs are hard to defend during compliance review,Rising compliance pressure
Straightforward cases still take too long to prepare,Team wants faster pre-meeting preparation
Straightforward cases still take too long to prepare,Backlog of estate review work
Manual estate reviews are slow and inconsistent,Backlog of estate review work
Current tools feel like a CRM instead of a decision tool,Rising compliance pressure
Current tools feel like a CRM instead of a decision tool,Backlog of estate review work
Current tools feel like a CRM instead of a decision tool,Team wants faster pre-meeting preparation
Manual estate reviews are slow and inconsistent,Rising compliance pressure
Outputs are hard to defend during compliance review,Need to standardize outputs across a branch
Outputs are hard to defend during compliance review,Rising compliance pressure
Bypass vs through-estate confusion creates advisor risk,Rising compliance pressure
Bypass vs through-estate confusion creates advisor risk,Backlog of estate review work
Bypass vs through-estate confusion creates advisor risk,Team wants faster pre-meeting preparation
Outputs are hard to defend during compliance review,Need to standardize outputs across a branch
Outputs are hard to defend during compliance review,Backlog of estate review work
Outputs are hard to defend during compliance review,Need to standardize outputs across a branch
Straightforward cases still take too long to prepare,Need to standardize outputs across a branch
"Beneficiary details are messy, incomplete, or scattered",Team wants faster pre-meeting preparation
Current tools feel like a CRM instead of a decision tool,Rising compliance pressure
Current tools feel like a CRM instead of a decision tool,Backlog of estate review work
Current tools feel like a CRM instead of a decision tool,Rising compliance pressure
Current tools feel like a CRM instead of a decision tool,Team wants faster pre-meeting preparation
"Beneficiary details are messy, incomplete, or scattered",Rising compliance pressure
"Beneficiary details are messy, incomplete, or scattered",Team wants faster pre-meeting preparation
"Beneficiary details are messy, incomplete, or scattered",Rising compliance pressure
"Beneficiary details are messy, incomplete, or scattered",Team wants faster pre-meeting preparation
Outputs are hard to defend during compliance review,Need to standardize outputs across a branch
Current tools feel like a CRM instead of a decision tool,Rising compliance pressure
Current tools feel like a CRM instead of a decision tool,Backlog of estate review work
Manual estate reviews are slow and inconsistent,Need to standardize outputs across a branch
"Beneficiary details are messy, incomplete, or scattered",Backlog of estate review work
"Beneficiary details are messy, incomplete, or scattered",Need to standardize outputs across a branch
Manual estate reviews are slow and inconsistent,Team wants faster pre-meeting preparation
Bypass vs through-estate confusion creates advisor risk,Backlog of estate review work
Bypass vs through-estate confusion creates advisor risk,Team wants faster pre-meeting preparation
Current tools feel like a CRM instead of a decision tool,Rising compliance pressure
Straightforward cases still take too long to prepare,Backlog of estate review work
Straightforward cases still take too long to prepare,Need to standardize outputs across a branch
Outputs are hard to defend during compliance review,Need to standardize outputs across a branch
Outputs are hard to defend during compliance review,Rising compliance pressure
Manual estate reviews are slow and inconsistent,Need to standardize outputs across a branch
Straightforward cases still take too long to prepare,Team wants faster pre-meeting preparation
Straightforward cases still take too long to prepare,Rising compliance pressure
Straightforward cases still take too long to prepare,Rising compliance pressure
Straightforward cases still take too long to prepare,Team wants faster pre-meeting preparation
Current tools feel like a CRM instead of a decision tool,Rising compliance pressure
Current tools feel like a CRM instead of a decision tool,Backlog of estate review work
Outputs are hard to defend during compliance review,Team wants faster pre-meeting preparation
Bypass vs through-estate confusion creates advisor risk,Team wants faster pre-meeting preparation
Straightforward cases still take too long to prepare,Rising compliance pressure
Manual estate reviews are slow and inconsistent,Team wants faster pre-meeting preparation
Manual estate reviews are slow and inconsistent,Backlog of estate review work
"Beneficiary details are messy, incomplete, or scattered",Need to standardize outputs across a branch
"Beneficiary details are messy, incomplete, or scattered",Team wants faster pre-meeting preparation
Outputs are hard to defend during compliance review,Team wants faster pre-meeting preparation
Outputs are hard to defend during compliance review,Backlog of estate review work
Outputs are hard to defend during compliance review,Team wants faster pre-meeting preparation
Outputs are hard to defend during compliance review,Need to standardize outputs across a branch
Outputs are hard to defend during compliance review,Need to standardize outputs across a branch
Outputs are hard to defend during compliance review,Rising compliance pressure
Manual estate reviews are slow and inconsistent,Team wants faster pre-meeting preparation
"Beneficiary details are messy, incomplete, or scattered",Team wants faster pre-meeting preparation
"Beneficiary details are messy, incomplete, or scattered",Rising compliance pressure
Outputs are hard to defend during compliance review,Need to standardize outputs across a branch
Current tools feel like a CRM instead of a decision tool,Rising compliance pressure
Outputs are hard to defend during compliance review,Need to standardize outputs across a branch
Straightforward cases still take too long to prepare,Backlog of estate review work
"Beneficiary details are messy, incomplete, or scattered",Rising compliance pressure
"Beneficiary details are messy, incomplete, or scattered",Team wants faster pre-meeting preparation
Manual estate reviews are slow and inconsistent,Need to standardize outputs across a branch
Manual estate reviews are slow and inconsistent,Rising compliance pressure
Straightforward cases still take too long to prepare,Need to standardize outputs across a branch
Straightforward cases still take too long to prepare,Team wants faster pre-meeting preparation
Manual estate reviews are slow and inconsistent,Team wants faster pre-meeting preparation
Manual estate reviews are slow and inconsistent,Rising compliance pressure
"Beneficiary details are messy, incomplete, or scattered",Team wants faster pre-meeting preparation
"Beneficiary details are messy, incomplete, or scattered",Backlog of estate review work
Straightforward cases still take too long to prepare,Backlog of estate review work
Straightforward cases still take too long to prepare,Rising compliance pressure
Current tools feel like a CRM instead of a decision tool,Rising compliance pressure
Manual estate reviews are slow and inconsistent,Need to standardize outputs across a branch
"Beneficiary details are messy, incomplete, or scattered",Team wants faster pre-meeting preparation
Straightforward cases still take too long to prepare,Rising compliance pressure
Current tools feel like a CRM instead of a decision tool,Rising compliance pressure
Bypass vs through-estate confusion creates advisor risk,Need to standardize outputs across a branch
Manual estate reviews are slow and inconsistent,Rising compliance pressure
"Beneficiary details are messy, incomplete, or scattered",Backlog of estate review work
Current tools feel like a CRM instead of a decision tool,Need to standardize outputs across a branch
Straightforward cases still take too long to prepare,Need to standardize outputs across a branch
Straightforward cases still take too long to prepare,Team wants faster pre-meeting preparation
Current tools feel like a CRM instead of a decision tool,Need to standardize outputs across a branch
Manual estate reviews are slow and inconsistent,Rising compliance pressure
Current tools feel like a CRM instead of a decision tool,Rising compliance pressure
Current tools feel like a CRM instead of a decision tool,Backlog of estate review work
Manual estate reviews are slow and inconsistent,Team wants faster pre-meeting preparation
Manual estate reviews are slow and inconsistent,Backlog of estate review work
Current tools feel like a CRM instead of a decision tool,Backlog of estate review work
Current tools feel like a CRM instead of a decision tool,Backlog of estate review work
"Beneficiary details are messy, incomplete, or scattered",Team wants faster pre-meeting preparation
Bypass vs through-estate confusion creates advisor risk,Team wants faster pre-meeting preparation
Outputs are hard to defend during compliance review,Backlog of estate review work
Outputs are hard to defend during compliance review,Team wants faster pre-meeting preparation
"Beneficiary details are messy, incomplete, or scattered",Team wants faster pre-meeting preparation
Manual estate reviews are slow and inconsistent,Team wants faster pre-meeting preparation
Manual estate reviews are slow and inconsistent,Need to standardize outputs across a branch
Straightforward cases still take too long to prepare,Backlog of estate review work
Straightforward cases still take too long to prepare,Team wants faster pre-meeting preparation
Outputs are hard to defend during compliance review,Team wants faster pre-meeting preparation
Bypass vs through-estate confusion creates advisor risk,Need to standardize outputs across a branch
Bypass vs through-estate confusion creates advisor risk,Rising compliance pressure
Outputs are hard to defend during compliance review,Rising compliance pressure
Outputs are hard to defend during compliance review,Backlog of estate review work
Manual estate reviews are slow and inconsistent,Backlog of estate review work
Manual estate reviews are slow and inconsistent,Need to standardize outputs across a branch
Bypass vs through-estate confusion creates advisor risk,Rising compliance pressure
"Beneficiary details are messy, incomplete, or scattered",Backlog of estate review work
"Beneficiary details are messy, incomplete, or scattered",Need to standardize outputs across a branch
"Beneficiary details are messy, incomplete, or scattered",Need to standardize outputs across a branch
Straightforward cases still take too long to prepare,Rising compliance pressure
"Beneficiary details are messy, incomplete, or scattered",Rising compliance pressure
"Beneficiary details are messy, incomplete, or scattered",Need to standardize outputs across a branch
Straightforward cases still take too long to prepare,Backlog of estate review work
Bypass vs through-estate confusion creates advisor risk,Need to standardize outputs across a branch
Straightforward cases still take too long to prepare,Team wants faster pre-meeting preparation
Straightforward cases still take too long to prepare,Rising compliance pressure
Outputs are hard to defend during compliance review,Backlog of estate review work
"Beneficiary details are messy, incomplete, or scattered",Backlog of estate review work
"Beneficiary details are messy, incomplete, or scattered",Rising compliance pressure
Straightforward cases still take too long to prepare,Rising compliance pressure
Manual estate reviews are slow and inconsistent,Rising compliance pressure
"Beneficiary details are messy, incomplete, or scattered",Rising compliance pressure
"Beneficiary details are messy, incomplete, or scattered",Team wants faster pre-meeting preparation
"Beneficiary details are messy, incomplete, or scattered",Team wants faster pre-meeting preparation
Manual estate reviews are slow and inconsistent,Rising compliance pressure
Manual estate reviews are slow and inconsistent,Backlog of estate review work
Straightforward cases still take too long to prepare,Team wants faster pre-meeting preparation
Manual estate reviews are slow and inconsistent,Rising compliance pressure
Manual estate reviews are slow and inconsistent,Team wants faster pre-meeting preparation
Manual estate reviews are slow and inconsistent,Backlog of estate review work
Straightforward cases still take too long to prepare,Team wants faster pre-meeting preparation
Straightforward cases still take too long to prepare,Backlog of estate review work
Straightforward cases still take too long to prepare,Team wants faster pre-meeting preparation
Straightforward cases still take too long to prepare,Backlog of estate review work
"Beneficiary details are messy, incomplete, or scattered",Rising compliance pressure
Outputs are hard to defend during compliance review,Need to standardize outputs across a branch
Bypass vs through-estate confusion creates advisor risk,Backlog of estate review work
Bypass vs through-estate confusion creates advisor risk,Rising compliance pressure
Outputs are hard to defend during compliance review,Backlog of estate review work
Bypass vs through-estate confusion creates advisor risk,Team wants faster pre-meeting preparation
Outputs are hard to defend during compliance review,Rising compliance pressure
Outputs are hard to defend during compliance review,Need to standardize outputs across a branch
"Beneficiary details are messy, incomplete, or scattered",Rising compliance pressure
"Beneficiary details are messy, incomplete, or scattered",Team wants faster pre-meeting preparation
"Beneficiary details are messy, incomplete, or scattered",Need to standardize outputs across a branch
"Beneficiary details are messy, incomplete, or scattered",Team wants faster pre-meeting preparation
Manual estate reviews are slow and inconsistent,Team wants faster pre-meeting preparation
Manual estate reviews are slow and inconsistent,Backlog of estate review work
"Beneficiary details are messy, incomplete, or scattered",Rising compliance pressure
"Beneficiary details are messy, incomplete, or scattered",Backlog of estate review work
Straightforward cases still take too long to prepare,Backlog of estate review work
Manual estate reviews are slow and inconsistent,Team wants faster pre-meeting preparation
Straightforward cases still take too long to prepare,Need to standardize outputs across a branch
Straightforward cases still take too long to prepare,Team wants faster pre-meeting preparation
Current tools feel like a CRM instead of a decision tool,Rising compliance pressure
Current tools feel like a CRM instead of a decision tool,Team wants faster pre-meeting preparation
Outputs are hard to defend during compliance review,Need to standardize outputs across a branch
Outputs are hard to defend during compliance review,Rising compliance pressure
Straightforward cases still take too long to prepare,Need to standardize outputs across a branch
"Beneficiary details are messy, incomplete, or scattered",Backlog of estate review work
Bypass vs through-estate confusion creates advisor risk,Team wants faster pre-meeting preparation
Bypass vs through-estate confusion creates advisor risk,Backlog of estate review work
Bypass vs through-estate confusion creates advisor risk,Need to standardize outputs across a branch
Current tools feel like a CRM instead of a decision tool,Backlog of estate review work
Bypass vs through-estate confusion creates advisor risk,Backlog of estate review work
"Beneficiary details are messy, incomplete, or scattered",Rising compliance pressure
Manual estate reviews are slow and inconsistent,Need to standardize outputs across a branch
Straightforward cases still take too long to prepare,Team wants faster pre-meeting preparation
"Beneficiary details are messy, incomplete, or scattered",Backlog of estate review work
"Beneficiary details are messy, incomplete, or scattered",Rising compliance pressure
Current tools feel like a CRM instead of a decision tool,Rising compliance pressure
Current tools feel like a CRM instead of a decision tool,Backlog of estate review work
Bypass vs through-estate confusion creates advisor risk,Rising compliance pressure
Bypass vs through-estate confusion creates advisor risk,Team wants faster pre-meeting preparation
"Beneficiary details are messy, incomplete, or scattered",Backlog of estate review work
"Beneficiary details are messy, incomplete, or scattered",Rising compliance pressure
Manual estate reviews are slow and inconsistent,Team wants faster pre-meeting preparation
Manual estate reviews are slow and inconsistent,Need to standardize outputs across a branch
"Beneficiary details are messy, incomplete, or scattered",Rising compliance pressure
Manual estate reviews are slow and inconsistent,Team wants faster pre-meeting preparation
"Beneficiary details are messy, incomplete, or scattered",Team wants faster pre-meeting preparation
"Beneficiary details are messy, incomplete, or scattered",Rising compliance pressure
Current tools feel like a CRM instead of a decision tool,Need to standardize outputs across a branch
Outputs are hard to defend during compliance review,Team wants faster pre-meeting preparation
Outputs are hard to defend during compliance review,Backlog of estate review work
Outputs are hard to defend during compliance review,Backlog of estate review work
Outputs are hard to defend during compliance review,Rising compliance pressure
Outputs are hard to defend during compliance review,Need to standardize outputs across a branch
Outputs are hard to defend during compliance review,Team wants faster pre-meeting preparation
Bypass vs through-estate confusion creates advisor risk,Team wants faster pre-meeting preparation
Workarounds hide risk in free-text notes,Errors and omissions risk in manual workflows
Need to create defensible paper trail quickly,Errors and omissions risk in manual workflows
Analysts rebuild the same maps repeatedly,Increase in disputed or unequal distribution files
Analysts rebuild the same maps repeatedly,Increase in disputed or unequal distribution files
Need to create defensible paper trail quickly,Errors and omissions risk in manual workflows
Workarounds hide risk in free-text notes,Errors and omissions risk in manual workflows
Analysts rebuild the same maps repeatedly,Errors and omissions risk in manual workflows
Distribution outcomes remain unclear until late in the file,Increase in disputed or unequal distribution files
Distribution outcomes remain unclear until late in the file,Increase in disputed or unequal distribution files
Workarounds hide risk in free-text notes,Increase in disputed or unequal distribution files
Need to create defensible paper trail quickly,Errors and omissions risk in manual workflows
Analysts rebuild the same maps repeatedly,Errors and omissions risk in manual workflows
Analysts rebuild the same maps repeatedly,Increase in disputed or unequal distribution files
Distribution outcomes remain unclear until late in the file,Increase in disputed or unequal distribution files
Workarounds hide risk in free-text notes,Errors and omissions risk in manual workflows
Designations are messy or unknown,Errors and omissions risk in manual workflows
Need to create defensible paper trail quickly,Errors and omissions risk in manual workflows
Complex ownership structures are hard to trace,Errors and omissions risk in manual workflows
Designations are messy or unknown,Increase in disputed or unequal distribution files
Workarounds hide risk in free-text notes,Increase in disputed or unequal distribution files
Designations are messy or unknown,Increase in disputed or unequal distribution files
Complex ownership structures are hard to trace,Increase in disputed or unequal distribution files
Distribution outcomes remain unclear until late in the file,Errors and omissions risk in manual workflows
Distribution outcomes remain unclear until late in the file,Increase in disputed or unequal distribution files
Analysts rebuild the same maps repeatedly,Errors and omissions risk in manual workflows
Distribution outcomes remain unclear until late in the file,Errors and omissions risk in manual workflows
Analysts rebuild the same maps repeatedly,Errors and omissions risk in manual workflows
Complex ownership structures are hard to trace,Increase in disputed or unequal distribution files
Need to create defensible paper trail quickly,Increase in disputed or unequal distribution files
Analysts rebuild the same maps repeatedly,Increase in disputed or unequal distribution files
Need to create defensible paper trail quickly,Errors and omissions risk in manual workflows
Workarounds hide risk in free-text notes,Increase in disputed or unequal distribution files
Need to create defensible paper trail quickly,Increase in disputed or unequal distribution files
Need to create defensible paper trail quickly,Errors and omissions risk in manual workflows
Analysts rebuild the same maps repeatedly,Increase in disputed or unequal distribution files
Designations are messy or unknown,Errors and omissions risk in manual workflows
Workarounds hide risk in free-text notes,Increase in disputed or unequal distribution files
Analysts rebuild the same maps repeatedly,Increase in disputed or unequal distribution files
Analysts rebuild the same maps repeatedly,Errors and omissions risk in manual workflows
Complex ownership structures are hard to trace,Increase in disputed or unequal distribution files
Workarounds hide risk in free-text notes,Increase in disputed or unequal distribution files
Workarounds hide risk in free-text notes,Errors and omissions risk in manual workflows
Complex ownership structures are hard to trace,Increase in disputed or unequal distribution files
Complex ownership structures are hard to trace,Errors and omissions risk in manual workflows
Analysts rebuild the same maps repeatedly,Errors and omissions risk in manual workflows
Workarounds hide risk in free-text notes,Errors and omissions risk in manual workflows
Designations are messy or unknown,Increase in disputed or unequal distribution files
Distribution outcomes remain unclear until late in the file,Increase in disputed or unequal distribution files
Distribution outcomes remain unclear until late in the file,Errors and omissions risk in manual workflows
Workarounds hide risk in free-text notes,Errors and omissions risk in manual workflows
Workarounds hide risk in free-text notes,Increase in disputed or unequal distribution files
Need to create defensible paper trail quickly,Errors and omissions risk in manual workflows
Workarounds hide risk in free-text notes,Errors and omissions risk in manual workflows
Workarounds hide risk in free-text notes,Increase in disputed or unequal distribution files
Complex ownership structures are hard to trace,Increase in disputed or unequal distribution files
Analysts rebuild the same maps repeatedly,Errors and omissions risk in manual workflows
Workarounds hide risk in free-text notes,Errors and omissions risk in manual workflows
Complex ownership structures are hard to trace,Increase in disputed or unequal distribution files
Complex ownership structures are hard to trace,Increase in disputed or unequal distribution files
Designations are messy or unknown,Errors and omissions risk in manual workflows
Designations are messy or unknown,Errors and omissions risk in manual workflows
Need to create defensible paper trail quickly,Errors and omissions risk in manual workflows
Designations are messy or unknown,Increase in disputed or unequal distribution files
Designations are messy or unknown,Errors and omissions risk in manual workflows
Workarounds hide risk in free-text notes,Increase in disputed or unequal distribution files
Workarounds hide risk in free-text notes,Errors and omissions risk in manual workflows
Designations are messy or unknown,Increase in disputed or unequal distribution files
Complex ownership structures are hard to trace,Errors and omissions risk in manual workflows
Distribution outcomes remain unclear until late in the file,Increase in disputed or unequal distribution files
Need to create defensible paper trail quickly,Increase in disputed or unequal distribution files
Workarounds hide risk in free-text notes,Increase in disputed or unequal distribution files
Analysts rebuild the same maps repeatedly,Increase in disputed or unequal distribution files
Distribution outcomes remain unclear until late in the file,Increase in disputed or unequal distribution files
Need to create defensible paper trail quickly,Increase in disputed or unequal distribution files
Need to create defensible paper trail quickly,Errors and omissions risk in manual workflows
Designations are messy or unknown,Increase in disputed or unequal distribution files
Designations are messy or unknown,Increase in disputed or unequal distribution files
Need to create defensible paper trail quickly,Increase in disputed or unequal distribution files
Designations are messy or unknown,Errors and omissions risk in manual workflows
Complex ownership structures are hard to trace,Errors and omissions risk in manual workflows
Workarounds hide risk in free-text notes,Increase in disputed or unequal distribution files
Distribution outcomes remain unclear until late in the file,Errors and omissions risk in manual workflows
Need to create defensible paper trail quickly,Increase in disputed or unequal distribution files
Designations are messy or unknown,Errors and omissions risk in manual workflows
Analysts rebuild the same maps repeatedly,Errors and omissions risk in manual workflows
Analysts rebuild the same maps repeatedly,Increase in disputed or unequal distribution files
Complex ownership structures are hard to trace,Increase in disputed or unequal distribution files
Workarounds hide risk in free-text notes,Increase in disputed or unequal distribution files
Complex ownership structures are hard to trace,Increase in disputed or unequal distribution files
Complex ownership structures are hard to trace,Errors and omissions risk in manual workflows
Analysts rebuild the same maps repeatedly,Errors and omissions risk in manual workflows
Complex ownership structures are hard to trace,Increase in disputed or unequal distribution files
Designations are messy or unknown,Increase in disputed or unequal distribution files
Designations are messy or unknown,Increase in disputed or unequal distribution files
Distribution outcomes remain unclear until late in the file,Errors and omissions risk in manual workflows
Complex ownership structures are hard to trace,Errors and omissions risk in manual workflows
Workarounds hide risk in free-text notes,Increase in disputed or unequal distribution files
Distribution outcomes remain unclear until late in the file,Increase in disputed or unequal distribution files
Analysts rebuild the same maps repeatedly,Increase in disputed or unequal distribution files
Designations are messy or unknown,Errors and omissions risk in manual workflows
Complex ownership structures are hard to trace,Errors and omissions risk in manual workflows
Need to create defensible paper trail quickly,Errors and omissions risk in manual workflows
Need to create defensible paper trail quickly,Increase in disputed or unequal distribution files
Distribution outcomes remain unclear until late in the file,Errors and omissions risk in manual workflows
Designations are messy or unknown,Increase in disputed or unequal distribution files
Distribution outcomes remain unclear until late in the file,Errors and omissions risk in manual workflows
Analysts rebuild the same maps repeatedly,Increase in disputed or unequal distribution files
Analysts rebuild the same maps repeatedly,Errors and omissions risk in manual workflows
Analysts rebuild the same maps repeatedly,Increase in disputed or unequal distribution files
Workarounds hide risk in free-text notes,Errors and omissions risk in manual workflows
Distribution outcomes remain unclear until late in the file,Errors and omissions risk in manual workflows
Distribution outcomes remain unclear until late in the file,Increase in disputed or unequal distribution files
Distribution outcomes remain unclear until late in the file,Errors and omissions risk in manual workflows
Designations are messy or unknown,Increase in disputed or unequal distribution files
Distribution outcomes remain unclear until late in the file,Errors and omissions risk in manual workflows
Complex ownership structures are hard to trace,Errors and omissions risk in manual workflows
Complex ownership structures are hard to trace,Errors and omissions risk in manual workflows
Complex ownership structures are hard to trace,Increase in disputed or unequal distribution files
Analysts rebuild the same maps repeatedly,Increase in disputed or unequal distribution files
Distribution outcomes remain unclear until late in the file,Increase in disputed or unequal distribution files
Distribution outcomes remain unclear until late in the file,Errors and omissions risk in manual workflows
Complex ownership structures are hard to trace,Errors and omissions risk in manual workflows
Analysts rebuild the same maps repeatedly,Errors and omissions risk in manual workflows
Designations are messy or unknown,Errors and omissions risk in manual workflows
Distribution outcomes remain unclear until late in the file,Increase in disputed or unequal distribution files
Distribution outcomes remain unclear until late in the file,Increase in disputed or unequal distribution files
Complex ownership structures are hard to trace,Increase in disputed or unequal distribution files
Complex ownership structures are hard to trace,Errors and omissions risk in manual workflows
Complex ownership structures are hard to trace,Increase in disputed or unequal distribution files
Analysts rebuild the same maps repeatedly,Errors and omissions risk in manual workflows
Complex ownership structures are hard to trace,Increase in disputed or unequal distribution files
Analysts rebuild the same maps repeatedly,Increase in disputed or unequal distribution files
Need to create defensible paper trail quickly,Increase in disputed or unequal distribution files
Complex ownership structures are hard to trace,Errors and omissions risk in manual workflows
Designations are messy or unknown,Errors and omissions risk in manual workflows
Designations are messy or unknown,Increase in disputed or unequal distribution files
Analysts rebuild the same maps repeatedly,Increase in disputed or unequal distribution files
Distribution outcomes remain unclear until late in the file,Increase in disputed or unequal distribution files
Workarounds hide risk in free-text notes,Increase in disputed or unequal distribution files
Distribution outcomes remain unclear until late in the file,Errors and omissions risk in manual workflows
Analysts rebuild the same maps repeatedly,Errors and omissions risk in manual workflows
Need to create defensible paper trail quickly,Increase in disputed or unequal distribution files
Need to create defensible paper trail quickly,Increase in disputed or unequal distribution files
Complex ownership structures are hard to trace,Errors and omissions risk in manual workflows
Complex ownership structures are hard to trace,Increase in disputed or unequal distribution files
Need to create defensible paper trail quickly,Errors and omissions risk in manual workflows
Need to create defensible paper trail quickly,Increase in disputed or unequal distribution files
Complex ownership structures are hard to trace,Errors and omissions risk in manual workflows
Analysts rebuild the same maps repeatedly,Increase in disputed or unequal distribution files
Need to create defensible paper trail quickly,Increase in disputed or unequal distribution files
Workarounds hide risk in free-text notes,Errors and omissions risk in manual workflows
Complex ownership structures are hard to trace,Errors and omissions risk in manual workflows
Analysts rebuild the same maps repeatedly,Errors and omissions risk in manual workflows
Designations are messy or unknown,Errors and omissions risk in manual workflows
Analysts rebuild the same maps repeatedly,Errors and omissions risk in manual workflows
Need to create defensible paper trail quickly,Increase in disputed or unequal distribution files
Need to create defensible paper trail quickly,Errors and omissions risk in manual workflows
Workarounds hide risk in free-text notes,Errors and omissions risk in manual workflows
Analysts rebuild the same maps repeatedly,Increase in disputed or unequal distribution files
Analysts rebuild the same maps repeatedly,Increase in disputed or unequal distribution files
Analysts rebuild the same maps repeatedly,Errors and omissions risk in manual workflows
Analysts rebuild the same maps repeatedly,Errors and omissions risk in manual workflows
Complex ownership structures are hard to trace,Increase in disputed or unequal distribution files
Workarounds hide risk in free-text notes,Errors and omissions risk in manual workflows
Workarounds hide risk in free-text notes,Increase in disputed or unequal distribution files
Workarounds hide risk in free-text notes,Increase in disputed or unequal distribution files
Analysts rebuild the same maps repeatedly,Errors and omissions risk in manual workflows
Analysts rebuild the same maps repeatedly,Increase in disputed or unequal distribution files
Distribution outcomes remain unclear until late in the file,Errors and omissions risk in manual workflows
Need to create defensible paper trail quickly,Errors and omissions risk in manual workflows
Need to create defensible paper trail quickly,Errors and omissions risk in manual workflows
Workarounds hide risk in free-text notes,Errors and omissions risk in manual workflows
Designations are messy or unknown,Increase in disputed or unequal distribution files
Designations are messy or unknown,Increase in disputed or unequal distribution files
Designations are messy or unknown,Increase in disputed or unequal distribution files
Workarounds hide risk in free-text notes,Errors and omissions risk in manual workflows
Workarounds hide risk in free-text notes,Increase in disputed or unequal distribution files
Designations are messy or unknown,Errors and omissions risk in manual workflows
Analysts rebuild the same maps repeatedly,Errors and omissions risk in manual workflows
Need to create defensible paper trail quickly,Errors and omissions risk in manual workflows
Analysts rebuild the same maps repeatedly,Increase in disputed or unequal distribution files
Distribution outcomes remain unclear until late in the file,Increase in disputed or unequal distribution files
Distribution outcomes remain unclear until late in the file,Errors and omissions risk in manual workflows
Analysts rebuild the same maps repeatedly,Increase in disputed or unequal distribution files
Designations are messy or unknown,Errors and omissions risk in manual workflows
Workarounds hide risk in free-text notes,Errors and omissions risk in manual workflows
Workarounds hide risk in free-text notes,Increase in disputed or unequal distribution files
Analysts rebuild the same maps repeatedly,Errors and omissions risk in manual workflows
Distribution outcomes remain unclear until late in the file,Increase in disputed or unequal distribution files
Workarounds hide risk in free-text notes,Increase in disputed or unequal distribution files
Distribution outcomes remain unclear until late in the file,Errors and omissions risk in manual workflows
Designations are messy or unknown,Increase in disputed or unequal distribution files
Need to create defensible paper trail quickly,Increase in disputed or unequal distribution files
Need to create defensible paper trail quickly,Increase in disputed or unequal distribution files
Complex ownership structures are hard to trace,Errors and omissions risk in manual workflows
Distribution outcomes remain unclear until late in the file,Errors and omissions risk in manual workflows
Workarounds hide risk in free-text notes,Increase in disputed or unequal distribution files
Workarounds hide risk in free-text notes,Errors and omissions risk in manual workflows
Designations are messy or unknown,Errors and omissions risk in manual workflows
Designations are messy or unknown,Increase in disputed or unequal distribution files
Complex ownership structures are hard to trace,Increase in disputed or unequal distribution files
Complex ownership structures are hard to trace,Errors and omissions risk in manual workflows
Workarounds hide risk in free-text notes,Increase in disputed or unequal distribution files
Distribution outcomes remain unclear until late in the file,Errors and omissions risk in manual workflows
Distribution outcomes remain unclear until late in the file,Increase in disputed or unequal distribution files
Distribution outcomes remain unclear until late in the file,Increase in disputed or unequal distribution files
Need to create defensible paper trail quickly,Increase in disputed or unequal distribution files
Distribution outcomes remain unclear until late in the file,Increase in disputed or unequal distribution files
Distribution outcomes remain unclear until late in the file,Errors and omissions risk in manual workflows
Distribution outcomes remain unclear until late in the file,Increase in disputed or unequal distribution files
Complex ownership structures are hard to trace,Errors and omissions risk in manual workflows
Workarounds hide risk in free-text notes,Increase in disputed or unequal distribution files
Workarounds hide risk in free-text notes,Errors and omissions risk in manual workflows
Designations are messy or unknown,Errors and omissions risk in manual workflows
Workarounds hide risk in free-text notes,Errors and omissions risk in manual workflows
Workarounds hide risk in free-text notes,Increase in disputed or unequal distribution files
Analysts rebuild the same maps repeatedly,Increase in disputed or unequal distribution files
Workarounds hide risk in free-text notes,Increase in disputed or unequal distribution files
Designations are messy or unknown,Increase in disputed or unequal distribution files
Distribution outcomes remain unclear until late in the file,Increase in disputed or unequal distribution files
Designations are messy or unknown,Errors and omissions risk in manual workflows
Workarounds hide risk in free-text notes,Errors and omissions risk in manual workflows
Need to create defensible paper trail quickly,Errors and omissions risk in manual workflows
Workarounds hide risk in free-text notes,Errors and omissions risk in manual workflows
Complex ownership structures are hard to trace,Increase in disputed or unequal distribution files
Distribution outcomes remain unclear until late in the file,Increase in disputed or unequal distribution files
Distribution outcomes remain unclear until late in the file,Increase in disputed or unequal distribution files
Analysts rebuild the same maps repeatedly,Increase in disputed or unequal distribution files
Analysts rebuild the same maps repeatedly,Errors and omissions risk in manual workflows
Distribution outcomes remain unclear until late in the file,Increase in disputed or unequal distribution files
Workarounds hide risk in free-text notes,Errors and omissions risk in manual workflows
Workarounds hide risk in free-text notes,Increase in disputed or unequal distribution files
Analysts rebuild the same maps repeatedly,Increase in disputed or unequal distribution files
